slug,image_file,name_he,name_en,category,brand,target_audience,price,stock_quantity,description,health_goals,dosage_form,package_quantity,usage_instructions,warnings_allergens,data_source,verified,notes
solgar-omega-3,אומגה 3 של חברת סולגאר.jpg,אומגה 3,Omega 3,אומגה ושומנים,סולגאר,,94.90,60,"קפסולות אומגה 3 מרוכזות המכילות EPA ו-DHA, מיוצר על ידי סולגאר.",לב וכלי דם|מוח וזיכרון,כמוסות,100,"קפסולה אחת, פעמיים ביום, רצוי עם ארוחה, לפי הנחיית היצרן.","מכיל דגים (אנשובי, סרדין, מקרל). ללא גלוטן, חיטה, שמרים, סוכר, מלח, צבעים/טעמים/משמרים/ממתיקים מלאכותיים.",https://www.solgar.com/products/solgar-triple-strength-omega-3-950-mg-softgels,yes,"CORRECTED 2026-08-02: the sourced data_source was the WRONG SKU. Session-17 verification against the physical package photo (assets/products/אומגה 3 של חברת סולגאר.jpg) found the label reads 'Once A Day!' / אומגה 3 '950' / OMEGA 3 '950' / 100 כמוסות רכות -- not the 700mg 'Double Strength' product originally sourced (which is dosed 3x/day in 60- or 120-count bottles, neither matching the label). User-approved (AskUserQuestion) re-sourcing to the correct official page, live-fetched via real Chrome tab (WebFetch 403s on solgar.com): Solgar Triple Strength Omega-3 950mg Softgels, https://www.solgar.com/products/solgar-triple-strength-omega-3-950-mg-softgels. package_quantity=100 confirmed both by the label's printed count AND the official page (Size: 100, UPC 033984020580 -- 50-count is the other SKU size, UPC 033984020573, not this bottle). usage_instructions corrected to 'one softgel twice daily' (page's actual suggested use; note the front label's 'Once A Day!' is a marketing tagline, not the supplement-facts serving instruction -- the page is the authoritative source per DEC-026). warnings_allergens updated: ingredients Fish Oil/Gelatin/Vegetable Glycerin/Natural Mixed Tocopherols, contains fish (anchovy, sardine, mackerel), free of gluten/wheat/yeast/sugar/salt/artificial flavors/sweeteners/preservatives/colors -- all verbatim from the page. EPA/DHA amounts updated in ingredients.csv to 504mg/378mg (was 360/240, the wrong SKU's values). Every accurate-tier field now source-confirmed against the correct product -- verified set to yes. name_he/name_en/description were NOT updated to reflect the '950'/'Triple Strength' branding -- out of scope for this pass (accurate-tier fields only); still says generic 'אומגה 3'/'Omega 3', which remains technically true but not the most specific name. Flagged as a follow-up, not blocking."
briamil-multi-chewable,בריאמיל מולטי ויטמיל ללעיסה.jpg,בריאמיל מולטי ויטמין ללעיסה,Briamil Chewable Multivitamin,ויטמינים,בריאמיל,מבוגרים,79.90,30,"טבליות מולטי ויטמין לעיסות, מיועדות לאוכלוסייה שעברה ניתוח בריאטרי, בהתאם להנחיית גורם מטפל.",חיזוק חיסון|עצמות,טבליות,60,"טבליה אחת ליום, סמוך לארוחה, אלא אם הוגדר אחרת על ידי רופא או דיאטנית.","מיועד לאוכלוסייה שעברה ניתוח בריאטרי, לשימוש לפני ואחרי הפרוצדורה. נשים בהיריון, מניקות, נוטלי תרופות מרשם וילדים - יש להיוועץ ברופא. יש להרחיק מהישג ידם של ילדים.",https://truforme.com/%D7%91%D7%A8%D7%99%D7%90%D7%9E%D7%99%D7%9C/,,"CORRECTED 2026-08-02: target_audience was ילדים (children), user-approved correction to מבוגרים (adults) -- real product targets post-bariatric-surgery adults per the manufacturer page; מבוגרים is an existing schema-approved enum value, no schema change. Bariatric-population disclosure kept in warnings_allergens per DEC-031. Full ingredient amount table not published online -- still needs a package photo."
britamin-multi-minerals,בריטמין מולטי ויטמינים ומינרלים.jpg,בריטמין מולטי ויטמינים ומינרלים,Britamin Multivitamin & Minerals,ויטמינים,בריטמין,,109.90,25,"תוסף מולטי ויטמינים ומינרלים המיועד לאוכלוסייה שעברה ניתוח בריאטרי, מכיל ריכוזים מותאמים של ברזל, סידן וויטמין D.",חיזוק חיסון|עצמות,טבליות,60,"המינון המומלץ בהעדר הנחיה רפואית הוא טבליה אחת ביום. יש ליטול עם מעט מים; ניתן לרסק ולערבב עם מזון אם קיים קושי בבליעה.","מיועד במיוחד לאוכלוסייה שעברה ניתוח בריאטרי, עם ריכוזים מותאמים של ברזל, סידן וויטמין D. אינו מיועד לילדים ללא הנחיית רופא. נשים בהיריון, מניקות ונוטלי תרופות מרשם - יש להיוועץ ברופא לפני השימוש.",https://meditec.co.il/product/britamin/,,"Full active-ingredient amount table is published only as an image on the manufacturer page -- could not extract text. Needs a package photo for ingredients.csv."
solgar-vitamin-c-berry,ויטמין C בטעם פטל חמוציות של חברת סולגאר.jpg,ויטמין C בטעם פטל חמוציות,Vitamin C Raspberry Cranberry,ויטמינים,סולגאר,,69.90,80,"טבליות מציצה בטעם פטל חמוציות המכילות ויטמין C, מיוצר על ידי סולגאר.",חיזוק חיסון,טבליות,90,"ללעוס טבליה אחת, עד פעמיים ביום, רצוי עם ארוחה, לפי הנחיית היצרן.","ללא גלוטן, חיטה, מוצרי חלב, שמרים, טעמים מלאכותיים ומשמרים.",https://www.solgar.com/products/vitamin-c-500-mg-chewable-tablets-cran-raspberry-flavor,yes,"VERIFICATION PASS 2026-08-02: live-fetched via real Chrome tab (WebFetch returns 403 on solgar.com). CONFIRMED exact match: dosage_form (chewable tablets = טבליות), package_quantity=90 (only size sold -- single UPC, page states 'Size: 90'), usage_instructions verbatim ('chew one (1) tablet up to two times daily, preferably with a meal, or as directed by a healthcare practitioner'), active ingredients Vitamin C 500mg + Acerola Extract 10mg + Rose Hips 4mg (matches ingredients.csv exactly), data_source URL live and correct. CORRECTED: removed the unsupported 'ללא ... סויה' (soy-free) claim from warnings_allergens -- the official page's 'Free of' list states only Gluten, Wheat, Yeast, Artificial Flavors, Artificial Preservatives; dairy-free is separately confirmed via the page's own DAIRY-FREE badge (kept as 'מוצרי חלב' in the field); soy-free is not stated anywhere on the page (no badge, not in the Free-of list) so it was dropped, not replaced with anything else. Every remaining claim in warnings_allergens is now source-confirmed. All accurate-tier fields confirmed -- verified set to yes."
solgar-gentle-iron-25,טבליות ברזל עדין 25 מג של גברת סולגאר.jpg,"ברזל עדין 25 מ""ג",Gentle Iron 25mg,מינרלים,סולגאר,,74.90,55,"טבליות ברזל עדין במינון 25 מ""ג, מיוצר על ידי סולגאר.",אנרגיה,כמוסות,90,"קפסולה ירקית אחת ליום, רצוי בארוחה, לפי הנחיית היצרן.","מיוצר במתקן ללא גלוטן. לא צוינו אלרגנים ידועים על גבי עמוד המוצר הרשמי -- יש לאמת מול תווית האריזה.",https://www.iherb.com/pr/solgar-gentle-iron-25-mg-90-vegetable-capsules/69609,,"CORRECTED 2026-08-02: dosage_form was טבליות (tablets), user-approved correction to כמוסות (capsules) -- every official/retailer listing (iherb.com) describes vegetable capsules; usage_instructions already said 'קפסולה' consistent with this. Source unchanged. READINESS 2026-08-02: reclassified Yes -> Partial -- iHerb is a supporting distributor source only, not the official Solgar page; exact SKU/formulation not yet matched against solgar.com or a package label. Verification pending that match, not just a package check."
superherb-vitamin-d,טבליות ויטמין D של חברת סופרהרב.jpg,"ויטמין D במינון 1,000 יחב""ל",Vitamin D 1000 IU,ויטמינים,סופהרב,,49.90,100,"ויטמין D בצורתו הפעילה D3, בכמוסות סופט ג'ל רכות, בתוספת MCT לשיפור הספיגה. מיוצר על ידי סופרהרב.",עצמות|חיזוק חיסון,כמוסות,180,"כמוסה אחת ביום (או על פי המלצת הרופא) עם הארוחה.","יש לאחסן במקום קריר ויבש, אין צורך לשמור בקירור. רשימת אלרגנים מלאה אינה מפורסמת בעמוד הרשמי -- יש לאמת מול תווית האריזה.",https://www.supherb.co.il/product/ויטמין-d-במינון-1000-יחבל/,yes,"VERIFICATION PASS 2026-08-02: inspected assets/products/טבליות ויטמין D של חברת סופרהרב.jpg -- both the box and bottle label read '180 כמוסות'. CORRECTED package_quantity 90 -> 180: the official page (re-fetched live, real Chrome tab) sells this exact same product/page in two size variants via a selector ('90 כמוסות' / '180 כמוסות'), so 180 is a valid, source-confirmed variant of the SAME SKU, not a different product -- unlike the omega-3/b12 wrong-SKU cases. dosage_form (כמוסות רכות), usage_instructions ('כמוסה אחת ביום (או על פי המלצת הרופא) עם הארוחה.' + storage line), and the ingredient row (Vitamin D3 1000 IU) all re-confirmed verbatim against the live page -- no change needed there. warnings_allergens correctly makes no allergen-free claim -- it states the page publishes no allergen list, which is true, not blocking per the incomplete-list-is-acceptable rule. Every populated accurate-tier field now source-confirmed. verified set to yes."
ecosupp-iron-drops-c,טיפות ברזל עדין בתוספת ויטמין C של חברת ECOSUPP.jpg,טיפות ברזל עדין בתוספת ויטמין C,Gentle Iron Drops with Vitamin C,מינרלים,ECOSUPP,,59.90,40,"טיפות ברזל עדין בתוספת ויטמין C, מיוצר על ידי ECOSUPP.",אנרגיה,טיפות,60,"מזלף מלא (20 טיפות) שווה ל-15 מ""ג ברזל; המינון לפי גיל, בהתאם להנחיית היצרן על גבי האריזה.","ללא סוכר, ללא חומרים משמרים, ללא ממתיקים מלאכותיים. יש לעקוב אחר מינון בהתאם לגיל המצוין; לא אותר מידע נוסף על אלרגנים בעמוד הרשמי.",https://ecosupp.co.il/ironlp/,,"CONFIRMED 2026-08-02: package_quantity=60 is the bottle volume in ml, not a discrete unit count -- confirmed via two authorised-distributor listings (tevazol.co.il, nizat.com), both stating 'מכיל 60 מ""ל' / 'ברזל עדין 60 מ""ל', since the official manufacturer page blocks automated fetch (403). No conversion to drops/servings applied -- usage_instructions already states the dropper-to-mg dosing separately. Primary data_source kept as the official page per DEC-026 tier rule; distributor URLs used only to confirm the volume figure. READINESS 2026-08-02: reclassified Yes -> Partial -- only the ml figure has confirmed-distributor backing; usage_instructions/warnings_allergens/active_ingredient amount are attributed to the official page, which could not be re-fetched to re-confirm access (403). A general retailer page alone is not sufficient to mark Ready."
superherb-magnesium-max-550,מגנזיות מקס 550 של חברת סופרהרב.jpg,מגנזיום מקס 550,Magnesium Max 550,מינרלים,סופהרב,,84.90,50,"קומפלקס מגנזיום ציטראט ואוקסיד במינון גבוה, בכמוסות צמחיות, כשר בהשגחת בד""ץ העדה החרדית. מיוצר על ידי סופרהרב.",שינה|ספורט,כמוסות,60,"כמוסה אחת ביום.","יש לבדוק סימון אלרגנים בתווית האריזה בפועל -- העמוד הרשמי מציין במפורש כי התווית עודכנה בהתאם לתקינה אירופאית וכי יש לשים לב לסימון האלרגנים שם; רשימת אלרגנים מלאה אינה מפורסמת בעמוד עצמו.",https://www.supherb.co.il/product/מגנזיום-max-550/,yes,"VERIFICATION PASS 2026-08-02: inspected assets/products/מגנזיות מקס 550 של חברת סופרהרב.jpg -- label reads 'מגנזיות מקס 550', 60 כמוסות, 68.1 גר -- matches package_quantity=60 exactly. Re-fetched the official page live (real Chrome tab, WebFetch 403s on supherb.co.il): confirms 550mg magnesium (citrate + oxide complex), 'כמות באריזה: 60 כמוסות', 'בכמוסה אחת ביום', vegetable capsules, kosher badatz. dosage_form, package_quantity, usage_instructions, and the ingredient row (Magnesium complex 550mg) all source-confirmed against both the label and the live page -- no discrepancy. warnings_allergens correctly does NOT claim an allergen-free list; it truthfully states the page's own referral to the physical label for allergen marking, per the new-EU-labeling note on the page itself. Per the no-complete-allergen-list-required rule, this does not block verification -- every populated field is supported. verified set to yes."
solgar-b12,סולגר טבליות ויטמין B12.jpg,"ויטמין B12 לבליעה במינון 100 מק""ג",Vitamin B12 100 mcg (Swallow Tablets),ויטמינים,סולגאר,,64.90,70,"טבליות ויטמין B12 לבליעה, מיוצר על ידי סולגאר.",אנרגיה,טבליות,100,"טבליה אחת ביום, עם הארוחה.","כשר פרווה. Non-GMO. לא נוסה על בעלי חיים. מתאים לצמחונים וטבעונים. יש לאחסן במקום קריר ויבש. רשימת אלרגנים מלאה אינה מפורסמת בעמוד הרשמי.",https://www.solgar.co.il/product/ויטמין-b12-100-מקג-לבליעה/,yes,"RE-SOURCED 2026-08-02 -- previous data_source was confirmed wrong-SKU (1,000mcg sublingual vs. this label's 100mcg swallow tablet, flagged in the prior pass). Found the exact matching product via WebSearch: 'ויטמין B12 לבליעה במינון 100 מק""ג', https://www.solgar.co.il/product/ויטמין-b12-100-מקג-לבליעה/ -- page confirms 100mcg, 'צורת הגשה: טבליות' (not sublingual), badges כשר פרווה/Non-GMO/not animal-tested/vegetarian-vegan-suitable, usage_instructions verbatim 'טבליה אחת ביום, עם הארוחה.' + storage line. dosage_form corrected טבליות (was already right, now for the right reason). name_he/name_en corrected from '1,000 מק""ג' to '100 מק""ג' -- the old name was factually wrong for this product, not just non-specific, so corrected rather than left as a follow-up (unlike the omega-3 950 case where the old generic name was still literally true). package_quantity=100 NOT stated in the official page's text -- confirmed instead directly from assets/products/סולגר טבליות ויטמין B12.jpg, whose label explicitly prints '100' with 'טבליות' beneath it (a physical package label is an accepted accurate-tier source per assets/README.md). ingredients.csv updated: Vitamin B12 1000mcg -> 100mcg, data_source updated to the new page. No allergen list published on the new page either -- warnings_allergens states the confirmed badges/storage instruction only, no allergen-free claim invented. Every populated field now source-confirmed against the correct product. verified set to yes."
solgar-cal-mag-d3,סולגר טבליות סידן ומגנזיום בתוספת ויטמין D3.jpg,סידן ומגנזיום בתוספת ויטמין D3,Calcium Magnesium with Vitamin D3,מינרלים,סולגאר,,79.90,65,"טבליות סידן ומגנזיום בתוספת ויטמין D3, מיוצר על ידי סולגאר.",עצמות,טבליות,150,"חמש טבליות ליום, רצוי עם ארוחה, ניתן לחלק במהלך היום, לפי הנחיית היצרן.","ללא רכיבים מהונדסים גנטית, גלוטן, חיטה, חלב, שמרים, סוכר, טעם או ממתיק מלאכותי. כשר (אישור KOF-K).",https://www.solgar.com/products/calcium-magnesium-with-vitamin-d3-tablets,yes,"VERIFICATION PASS 2026-08-02: inspected assets/products/סולגר טבליות סידן ומגנזיום בתוספת ויטמין D3.jpg -- label reads '150 טבליות'; package_quantity=150 stays (confirmed prior pass, both label and official page's two distinct UPCs: Size 150 UPC 033984005181 vs Size 300 UPC 033984005198). usage_instructions and ingredient amounts (D3 10mcg/400IU, Calcium 1000mg citrate, Magnesium 500mg oxide/citrate, serving size 5 tablets) re-confirmed verbatim, match ingredients.csv exactly. CORRECTED warnings_allergens this pass: removed 'סויה' (soy-free) and 'כשר פרווה' (kosher pareve) -- neither supported by the official page (soy absent from the page's Free-of list and its NON-GMO/GLUTEN-FREE/DAIRY-FREE/KOSHER badges; the page's kosher reference is a KOF-K certification number, not a 'pareve' designation). Replaced with a generic 'כשר (אישור KOF-K)' claim that IS supported, rather than dropping kosher entirely -- the certification itself is real and cited, just not the more specific 'pareve' claim. Dairy-free ('חלב') kept -- confirmed via the page's own DAIRY-FREE badge. Every remaining populated field now source-confirmed. verified set to yes."
superherb-multi-men,סופרהרב מולטי ויטמין לגברים.jpg,מולטי ויטמין לגברים,Men's Multivitamin,ויטמינים,סופהרב,מבוגרים,89.90,45,"טבליות מולטי ויטמין המותאמות לגברים, מיוצר על ידי סופרהרב.",אנרגיה|חיזוק חיסון,טבליות,60,,,https://www.supherb.co.il/product/%D7%9E%D7%95%D7%9C%D7%98%D7%99-%D7%95%D7%99%D7%98%D7%9E%D7%99%D7%9F-%D7%9C%D7%92%D7%91%D7%A8/,,"Updated data_source from a category-page URL to the specific product page. Official page blocks automated fetch (403); a web search surfaced only partial composition (31 components; magnesium 150 mg confirmed). No explicit dosage/allergen statement found -- needs manual sourcing."
superherb-multi-kids,סופרהרב מולטי ויטמין לילדים.jpg,מולטי ויטמין לילדים,Children's Multivitamin,ויטמינים,סופהרב,ילדים,69.90,55,"טבליות מולטי ויטמין לילדים, מיוצר על ידי סופרהרב.",חיזוק חיסון,טבליות,60,,,https://www.supherb.co.il/product/%D7%9E%D7%95%D7%9C%D7%98%D7%99-%D7%95%D7%99%D7%98%D7%9E%D7%99%D7%9F-%D7%9C%D7%99%D7%9C%D7%93%D7%99%D7%9D/,,"Updated data_source from a category-page URL to the specific product page. Package size (60 chewable tablets) confirmed via search. No explicit dosage/allergen text or ingredient amounts found -- needs manual sourcing."
superherb-multi-women,סופרהרב מולטי ויטמין לנשים.jpg,מולטי ויטמין לנשים,Women's Multivitamin,ויטמינים,סופהרב,מבוגרים,89.90,45,"טבליות מולטי ויטמין המותאמות לנשים, מיוצר על ידי סופרהרב.",עור ושיער|חיזוק חיסון,טבליות,60,"טבליה אחת ביום, לפי הנחיית היצרן.",,https://www.supherb.co.il/product/%D7%9E%D7%95%D7%9C%D7%98%D7%99-%D7%95%D7%99%D7%98%D7%9E%D7%99%D7%9F-%D7%9C%D7%A0%D7%A9%D7%99%D7%9D/,,"No explicit allergen/warnings statement found on the official page. Needs manual sourcing (package photo)."
salus-multi-syrup,סירופ מולטי ויטמין של חברת סלוס.jpg,סירופ מולטי ויטמין,Multivitamin Syrup,ויטמינים,סלוס,,54.90,40,"סירופ מולטי ויטמין בטעם פרי, מיוצר על ידי סלוס.",חיזוק חיסון,סירופ,250,,"המוצר ללא גלוטן וללא אלכוהול. מכיל תמצית שמרים ומרכיבים צמחיים; לא אותר מידע נוסף על אלרגנים ספציפיים בעמוד הרשמי.",https://www.moraz.co.il/product/%D7%A1%D7%99%D7%A8%D7%95%D7%A4-%D7%9E%D7%95%D7%9C%D7%98%D7%99-%D7%95%D7%99%D7%98%D7%9E%D7%99%D7%9F/,,"CONFIRMED 2026-08-02: package_quantity=250 is the bottle volume in ml -- confirmed directly on the official page, product title states 'SALUS - סירופ מולטי ויטמין 250 מ""ל'. No conversion to servings applied. Ingredient amounts not published (composition listed qualitatively only: vitamins A/C/D/E/B-complex plus herbal extracts) -- still needs a package photo for ingredients.csv."
centrum-multi-kids,סנטרום מולטי ויטמין לילדים.jpg,מולטי ויטמין לילדים,Children's Multivitamin,ויטמינים,סנטרום,ילדים,74.90,60,"טבליות מולטי ויטמין לילדים, מיוצר על ידי סנטרום.",חיזוק חיסון|עצמות,טבליות,80,"לילדים בגילאי 2-3: כחצי טבליה ביום עם אוכל. לילדים מגיל 4 ומעלה: טבליה אחת ביום עם אוכל, לפי הנחיית היצרן.","לא אותר מידע ספציפי על אלרגנים בעמוד המוצר הרשמי; יש לאמת מול תווית האריזה בפועל.",https://www.centrum.com/content/cf-consumer-healthcare/bp-wellness-centrum/en_US/home/products-version-b/Men/centrum-kids.html,,"Ingredient list found is qualitative only (iron, zinc, beta-carotene, vitamins A/C/E, biotin, B-complex) without amounts -- needs a package photo for ingredients.csv. READINESS 2026-08-02: kept Partial -- data_source is Centrum's US-market page, not confirmed to match the Israeli-market product in the photo; the US page is not treated as confirmation of the local product."
